input_question,output_output
What is sound?,"Okay! Imagine you have a drum. When you hit it, the drum shakes, right? That shaking is called a vibration. 

Now, when the drum shakes, it makes the air around it wiggle too, almost like when you throw a rock in a pond and the water makes little waves. These wiggles in the air are what we call sound! 

So, sound is like little invisible wiggles in the air that our ears can feel and hear. Just like how you can hear your friend calling you or your favorite song, those are sounds!"
How does string theory work?,"Okay! Imagine that everything in the universe, like stars, trees, and even you, is made of tiny building blocks, kind of like LEGO bricks. Now, in string theory, instead of those building blocks being tiny dots, they are super tiny strings, like the strings on a guitar!

These strings can wiggle and vibrate. Picture a guitar playing different notes – when a string vibrates in different ways, it makes different sounds. In the same way, when these tiny strings vibrate differently, they become different things, like particles that make up everything you see around you.

So, when the strings wiggle and dance around in space, they interact with each other – sometimes they might hug and combine, and other times they might bounce off each other, just like friends playing together. When we look closely at these strings, they act like the little particles we learn about in science.

In short, string theory is like saying that everything is made of tiny, wiggly strings, and how they dance and vibrate tells us all about the world we live in!"
How does a democracy work?,"Okay! Imagine you and your friends want to decide what game to play. Instead of just one person deciding, everyone gets a turn to say what they want. 

In a democracy, it’s like that, but for the whole country! Here’s how it works:

1. **Everyone Has a Voice**: Just like you and your friends all get to say what game you want, in a democracy, everyone gets to share their opinions. This means that everyone gets to vote on important things.

2. **Voting**: When it’s time to make a decision, like picking a leader or a new law, everyone votes. Voting is like marking your favorite game on a piece of paper. The choice with the most votes wins!

3. **Leaders**: The people who get the most votes (like class leaders) are called leaders too! They help make the rules and decisions for everyone.

4. **Fairness**: Everyone is treated equally, so whether you’re big or small, everyone’s voice is important!

5. **Change is Possible**: If people don’t like something, they can vote again later or even choose new leaders. It's like changing the game if everyone wants to play something different.

So, in a democracy, people work together to decide what’s best for everyone by talking, voting, and making sure everyone can be heard!"
Why is the sky blue?,"Alright! Imagine the sky is like a big bowl of air, and inside that bowl, there are tiny, tiny bits of dust and gas floating around. When the sun shines, it sends out light that looks white to us, but it has many colors in it, like a rainbow!

Now, different colors of light travel through the air in different ways. Blue light is special because it is shorter and likes to bounce around a lot! So when the sunlight comes into our bowl of air, the blue light gets scattered around in all directions, and that’s what we see when we look up—the blue sky!

In the evening, when the sun is going down, its light has to travel through more air to reach us. So, the blue light gets scattered even more and can’t reach us as easily. Instead, the other colors, like red and orange, can travel through better, making the sky look like a beautiful sunset with lots of warm colors!

So, to remember: The sky is blue during the day because blue light is bouncing all around, and it turns red at night because the light has to go a longer way, letting the red colors shine through more!"
How does photosynthesis work?,"Okay! Imagine plants are like tiny chefs, and they like to make their own food. To do this, they need a few special ingredients: sunlight, air, and water.

1. **Sunlight**: This is like the magic ingredient! Plants catch sunlight with their green leaves. The green color comes from something called chlorophyll, which helps them grab the sun’s light.

2. **Air**: Plants take in a part of the air called carbon dioxide. It’s like a little breath they take in through tiny holes in their leaves.

3. **Water**: Plants drink up water through their roots from the ground, kind of like how we drink water through a straw.

Now, here’s where the magic happens! When the plants have sunlight, air, and water, they mix them all together inside their leaves. This special mixing process creates food for the plant, which is called glucose (that’s just a fancy name for sugar!). 

As a super-duper bonus, when plants make their food, they also release oxygen, which is the air we breathe! So, thanks to photosynthesis, plants not only feed themselves but also help us have the air we need.

So, in short, photosynthesis is how plants use sunlight, air, and water to make their own food and give us oxygen—what great little chefs they are!"
What is LangGraph?,"Okay, imagine you have a big box of LEGO bricks. Each LEGO brick represents a small piece of information or a task that a robot (or AI) needs to do. Now, instead of just stacking the bricks on top of each other in a messy pile, LangGraph helps you organize those LEGOs into a cool shape, like a castle or a spaceship!

LangGraph is like a special set of instructions that tells the robot how to use those LEGO bricks to build something really awesome. It helps make the robot super smart by connecting all the different pieces of information in a way that makes sense. So, with LangGraph, developers can build smarter robots that can do a lot more things than before, just like building a really cool LEGO creation!"
What is the Langchain framework?,"Okay! Imagine you want to build a really cool robot that can talk and understand you, kind of like a friend who knows a lot of things. The LangChain framework is like a special toolbox that helps people who build these talking robots (we call them applications that use large language models) to put all the pieces together easily. 

Just like when you build with LEGO blocks, sometimes it can be tricky to figure out how to connect them. LangChain helps make it easier for the builders to create, fix, and share their talking robots without getting confused. It helps them so they can focus on making their robot really smart and fun to use!"
What is LangSmith by LangChain?,"Okay! Imagine you have a big box of toys that you want to play with. Sometimes, you want to build something new, play with your friends, or make sure everything is working nicely. 

LangSmith is like a special toy box for people who make computer programs (which are like cool toys for computers). It helps them build their programs, check if they are working right, and play with them with others. So, whether they’re just starting to play or they’re already having fun, LangSmith is there to help them do everything better and easier!"
What is trustcall library?,"Alright, imagine you have a toy box where each toy has its own special place. Sometimes it can be hard to remember where each toy goes, especially if the toys are all mixed up. 

Now, the **Trustcall library** is like a special helper that helps you keep your toy box organized. It helps with something called ""structured outputs,"" which means it helps put things in a neat and tidy way so you can find them easily later. 

So, if you're using a computer to play a game or do some fun things with your toys, Trustcall makes sure everything stays in order, like having a map that shows where each toy belongs. This way, you won't lose any of your favorite toys and can always have fun playing!"
